incident_id,latitude,longitude,timestamp,zone_hint,cluster_id
INC0000,17.30759676492421,78.57928460865209,2026-01-01 20:32:00,background/unclustered,-1
INC0001,17.407135533407622,78.55950038177032,2026-01-01 23:22:00,Secluded area near Uppal,0
INC0002,17.44675410819774,78.38686491903229,2026-01-02 02:03:00,Isolated stretch near HITEC City outskirts,1
INC0003,17.434790319168815,78.3933923097468,2026-01-02 19:17:00,background/unclustered,-1
INC0004,17.446326270071186,78.39519265043336,2026-01-03 02:28:00,Isolated stretch near HITEC City outskirts,1
INC0005,17.493349040062995,78.36197601217998,2026-01-03 03:48:00,Poorly lit stretch near Miyapur,2
INC0006,17.50545161097527,78.30037100392782,2026-01-03 05:07:00,background/unclustered,-1
INC0007,17.43827223119357,78.47493986802594,2026-01-03 20:53:00,Under-lit road near Begumpet,3
INC0008,17.403792655568793,78.55928959468527,2026-01-05 07:09:00,Secluded area near Uppal,0
INC0009,17.437978230904832,78.46207285806233,2026-01-05 23:01:00,Under-lit road near Begumpet,3
INC0010,17.433186470242582,78.46727780920442,2026-01-06 15:33:00,Under-lit road near Begumpet,3
INC0011,17.398878792462256,78.48185661406835,2026-01-06 19:35:00,background/unclustered,-1
INC0012,17.368156000183383,78.4240647304576,2026-01-07 01:10:00,background/unclustered,-1
INC0013,17.503981607854726,78.36114050289414,2026-01-07 19:11:00,Poorly lit stretch near Miyapur,-1
INC0014,17.448551298398932,78.39350638546138,2026-01-09 22:54:00,Isolated stretch near HITEC City outskirts,1
INC0015,17.447126403414565,78.39138064572255,2026-01-09 23:13:00,Isolated stretch near HITEC City outskirts,1
INC0016,17.506290818572936,78.36149851622372,2026-01-10 04:56:00,Poorly lit stretch near Miyapur,-1
INC0017,17.43950884500337,78.47009557296502,2026-01-10 19:24:00,Under-lit road near Begumpet,3
INC0018,17.444717760482888,78.46562329739159,2026-01-11 23:48:00,Under-lit road near Begumpet,3
INC0019,17.49277879338457,78.36666075929482,2026-01-12 22:23:00,Poorly lit stretch near Miyapur,2
INC0020,17.511791840343143,78.57427095478543,2026-01-12 22:24:00,background/unclustered,-1
INC0021,17.49737469323549,78.36252664475069,2026-01-12 22:28:00,Poorly lit stretch near Miyapur,2
INC0022,17.499083626019388,78.36829412375403,2026-01-13 01:31:00,Poorly lit stretch near Miyapur,2
INC0023,17.347966831179686,78.39701146863466,2026-01-13 03:40:00,background/unclustered,-1
INC0024,17.478956241170522,78.57270975619969,2026-01-14 02:43:00,background/unclustered,-1
INC0025,17.437877995409558,78.46519672703742,2026-01-14 09:21:00,Under-lit road near Begumpet,3
INC0026,17.33724796399255,78.45798713918069,2026-01-15 03:35:00,background/unclustered,-1
INC0027,17.44868566591612,78.39317640842238,2026-01-15 04:28:00,Isolated stretch near HITEC City outskirts,1
INC0028,17.488512910262113,78.36183332234995,2026-01-15 06:37:00,Poorly lit stretch near Miyapur,2
INC0029,17.4857826502403,78.36929271083133,2026-01-15 11:38:00,Poorly lit stretch near Miyapur,-1
INC0030,17.317820067513793,78.58639800900998,2026-01-15 20:50:00,background/unclustered,-1
INC0031,17.495253497018147,78.35873490131593,2026-01-17 00:06:00,Poorly lit stretch near Miyapur,2
INC0032,17.408706227852225,78.56034500061817,2026-01-18 17:46:00,Secluded area near Uppal,0
INC0033,17.406510763726466,78.55960946191415,2026-01-21 03:21:00,Secluded area near Uppal,0
INC0034,17.448202179290025,78.39292220526848,2026-01-21 22:06:00,Isolated stretch near HITEC City outskirts,1
INC0035,17.415020958153733,78.56178902913766,2026-01-22 03:53:00,Secluded area near Uppal,0
INC0036,17.441084246994972,78.47647922642405,2026-01-22 20:04:00,Under-lit road near Begumpet,-1
INC0037,17.49786167828681,78.36168487904375,2026-01-22 21:53:00,Poorly lit stretch near Miyapur,2
INC0038,17.4668983463909,78.54235378258237,2026-01-23 21:40:00,background/unclustered,-1
INC0039,17.407049903731405,78.51527932969745,2026-01-24 20:38:00,background/unclustered,-1
INC0040,17.43658696023185,78.46744287780918,2026-01-25 01:11:00,Under-lit road near Begumpet,3
INC0041,17.499166794070852,78.36657464783883,2026-01-25 20:53:00,Poorly lit stretch near Miyapur,2
INC0042,17.40330710011819,78.55769684301931,2026-01-25 23:19:00,Secluded area near Uppal,0
INC0043,17.500446419086817,78.36227213070569,2026-01-26 03:22:00,Poorly lit stretch near Miyapur,2
INC0044,17.45574164589087,78.48946806602775,2026-01-26 21:34:00,background/unclustered,-1
INC0045,17.497754895429562,78.36641126756352,2026-01-27 03:10:00,Poorly lit stretch near Miyapur,2
INC0046,17.439369104166985,78.46207976817793,2026-01-28 08:49:00,Under-lit road near Begumpet,3
INC0047,17.44823771285873,78.3490571617755,2026-01-28 10:56:00,background/unclustered,-1
INC0048,17.54667324508929,78.33689124255889,2026-01-29 03:25:00,background/unclustered,-1
INC0049,17.49450794765481,78.36489423345158,2026-01-29 19:25:00,Poorly lit stretch near Miyapur,2
INC0050,17.493979472529215,78.36461121078946,2026-01-29 22:46:00,Poorly lit stretch near Miyapur,2
INC0051,17.451942048873978,78.39138109856924,2026-01-30 13:20:00,Isolated stretch near HITEC City outskirts,1
INC0052,17.446211439103358,78.4657419284981,2026-01-30 21:40:00,Under-lit road near Begumpet,3
INC0053,17.493303234700385,78.36602224842963,2026-01-31 22:57:00,Poorly lit stretch near Miyapur,2
INC0054,17.315035585650197,78.46868904476337,2026-01-31 23:12:00,background/unclustered,-1
INC0055,17.404997273888487,78.55818313579378,2026-02-01 03:13:00,Secluded area near Uppal,0
INC0056,17.33209857236353,78.33123289481524,2026-02-01 21:41:00,background/unclustered,-1
INC0057,17.40456255640184,78.55570062252214,2026-02-02 03:54:00,Secluded area near Uppal,0
INC0058,17.434525639537835,78.46964196723991,2026-02-03 20:31:00,Under-lit road near Begumpet,3
INC0059,17.410683985868822,78.55676879759434,2026-02-04 00:40:00,Secluded area near Uppal,0
INC0060,17.437819849538613,78.46243047079395,2026-02-04 00:49:00,Under-lit road near Begumpet,3
INC0061,17.43561965892984,78.44798305403513,2026-02-04 00:50:00,background/unclustered,-1
INC0062,17.3951049260582,78.46454991649544,2026-02-04 19:31:00,background/unclustered,-1
INC0063,17.407884583493487,78.55668405925314,2026-02-04 23:11:00,Secluded area near Uppal,0
INC0064,17.444714659267483,78.39105204871797,2026-02-06 09:23:00,Isolated stretch near HITEC City outskirts,1
INC0065,17.499509018693555,78.35605232798717,2026-02-06 16:02:00,Poorly lit stretch near Miyapur,2
INC0066,17.52647277619694,78.53098341007549,2026-02-06 18:26:00,background/unclustered,-1
INC0067,17.488165286795567,78.35927041667341,2026-02-06 20:11:00,Poorly lit stretch near Miyapur,2
INC0068,17.445249492143137,78.39217463754876,2026-02-07 09:16:00,Isolated stretch near HITEC City outskirts,1
INC0069,17.444598492315333,78.46960084685077,2026-02-07 23:59:00,Under-lit road near Begumpet,3
INC0070,17.495231527678733,78.36468685474573,2026-02-08 07:29:00,Poorly lit stretch near Miyapur,2
INC0071,17.48980393903309,78.36090624381032,2026-02-08 08:48:00,Poorly lit stretch near Miyapur,2
INC0072,17.49414933732079,78.35935465961911,2026-02-08 23:58:00,Poorly lit stretch near Miyapur,2
INC0073,17.506007729703494,78.36197652490831,2026-02-09 22:55:00,Poorly lit stretch near Miyapur,-1
INC0074,17.449174553264214,78.39502704415578,2026-02-09 23:07:00,Isolated stretch near HITEC City outskirts,1
INC0075,17.30789653620641,78.5808636738731,2026-02-10 00:31:00,background/unclustered,-1
INC0076,17.452022337603083,78.39421106963869,2026-02-10 19:41:00,Isolated stretch near HITEC City outskirts,1
INC0077,17.54284877351041,78.35429308581284,2026-02-10 22:44:00,background/unclustered,-1
INC0078,17.546946380053722,78.34093192576702,2026-02-11 20:02:00,background/unclustered,-1
INC0079,17.325827239281004,78.47540121013277,2026-02-12 20:19:00,background/unclustered,-1
INC0080,17.440229651791025,78.46412356907037,2026-02-13 14:57:00,Under-lit road near Begumpet,3
INC0081,17.44585871193061,78.39023533641276,2026-02-13 15:43:00,Isolated stretch near HITEC City outskirts,1
INC0082,17.435002978651127,78.56402372626843,2026-02-13 20:53:00,background/unclustered,-1
INC0083,17.43426364452307,78.46673386870435,2026-02-14 09:13:00,Under-lit road near Begumpet,3
INC0084,17.398886270969992,78.5924099555612,2026-02-14 21:10:00,background/unclustered,-1
INC0085,17.493829554803852,78.36499515180655,2026-02-14 22:39:00,Poorly lit stretch near Miyapur,2
INC0086,17.454791681997364,78.39479493230789,2026-02-14 22:41:00,Isolated stretch near HITEC City outskirts,1
INC0087,17.50149813744379,78.46506796264687,2026-02-16 00:41:00,background/unclustered,-1
INC0088,17.453141594532546,78.39089505613802,2026-02-16 02:29:00,Isolated stretch near HITEC City outskirts,1
INC0089,17.430308533121334,78.5467180256451,2026-02-16 13:15:00,background/unclustered,-1
INC0090,17.439538106360306,78.4708268343079,2026-02-17 03:53:00,Under-lit road near Begumpet,3
INC0091,17.489836081980716,78.45013359273922,2026-02-17 18:07:00,background/unclustered,-1
INC0092,17.443374296091122,78.46323471408704,2026-02-18 00:46:00,Under-lit road near Begumpet,3
INC0093,17.410829295584975,78.55980382662888,2026-02-18 18:39:00,Secluded area near Uppal,0
INC0094,17.448220370434488,78.46622255996986,2026-02-20 02:57:00,Under-lit road near Begumpet,3
INC0095,17.411219882589204,78.56178970007558,2026-02-20 09:08:00,Secluded area near Uppal,0
INC0096,17.48606976639874,78.56154983369193,2026-02-20 13:31:00,background/unclustered,-1
INC0097,17.42221164506423,78.50005927726383,2026-02-21 01:44:00,background/unclustered,-1
INC0098,17.446442313852895,78.47259597356236,2026-02-21 18:50:00,Under-lit road near Begumpet,3
INC0099,17.499545504783217,78.36043381670089,2026-02-22 03:44:00,Poorly lit stretch near Miyapur,2
INC0100,17.449717678340477,78.38397874964619,2026-02-22 06:07:00,Isolated stretch near HITEC City outskirts,1
INC0101,17.41655476440695,78.56119581066844,2026-02-22 11:08:00,Secluded area near Uppal,-1
INC0102,17.40007899225303,78.55916421367458,2026-02-22 23:54:00,Secluded area near Uppal,0
INC0103,17.488536503074673,78.35898169213306,2026-02-23 17:01:00,Poorly lit stretch near Miyapur,2
INC0104,17.447295824127657,78.39084453153401,2026-02-24 19:43:00,Isolated stretch near HITEC City outskirts,1
INC0105,17.43749904726579,78.46640556102598,2026-02-25 16:21:00,Under-lit road near Begumpet,3
INC0106,17.470279463491245,78.35443150430868,2026-02-25 18:06:00,background/unclustered,-1
INC0107,17.465951131905452,78.44238926272494,2026-02-25 22:43:00,background/unclustered,-1
INC0108,17.493654532563617,78.3653568149318,2026-02-26 01:26:00,Poorly lit stretch near Miyapur,2
INC0109,17.407721880915453,78.37461428177629,2026-02-26 19:00:00,background/unclustered,-1
INC0110,17.434237389044775,78.46857727061702,2026-02-26 23:15:00,Under-lit road near Begumpet,3
INC0111,17.445976487463906,78.38939932077128,2026-02-27 02:11:00,Isolated stretch near HITEC City outskirts,1
INC0112,17.43945713047073,78.46432597992931,2026-02-27 20:00:00,Under-lit road near Begumpet,3
INC0113,17.40030769504448,78.55455653800998,2026-02-28 23:33:00,Secluded area near Uppal,-1
INC0114,17.495714318517035,78.36278034105946,2026-03-01 22:27:00,Poorly lit stretch near Miyapur,2
INC0115,17.451554068869477,78.38657654273426,2026-03-01 22:56:00,Isolated stretch near HITEC City outskirts,1
INC0116,17.439925947456032,78.46634536544433,2026-03-02 00:27:00,Under-lit road near Begumpet,3
INC0117,17.45375773378928,78.39618811561522,2026-03-02 22:59:00,Isolated stretch near HITEC City outskirts,1
INC0118,17.404567560388674,78.55659602827899,2026-03-03 02:10:00,Secluded area near Uppal,0
INC0119,17.47726512986273,78.56129073712383,2026-03-03 21:19:00,background/unclustered,-1
INC0120,17.499837289593906,78.36324404462309,2026-03-03 23:10:00,Poorly lit stretch near Miyapur,2
INC0121,17.403694347918066,78.5501786803695,2026-03-04 05:22:00,Secluded area near Uppal,-1
INC0122,17.44584049696233,78.39283156976195,2026-03-04 14:50:00,Isolated stretch near HITEC City outskirts,1
INC0123,17.45182661206567,78.374261986681,2026-03-04 18:47:00,background/unclustered,-1
INC0124,17.326648257577,78.4973535913809,2026-03-04 23:05:00,background/unclustered,-1
INC0125,17.546087851850725,78.34487419280026,2026-03-05 16:29:00,background/unclustered,-1
INC0126,17.433673384297542,78.46781603605697,2026-03-06 19:44:00,Under-lit road near Begumpet,3
INC0127,17.407342458232435,78.56218346077554,2026-03-08 01:05:00,Secluded area near Uppal,0
INC0128,17.44090793720488,78.46641615095133,2026-03-08 22:11:00,Under-lit road near Begumpet,3
INC0129,17.40897341572422,78.56535881833973,2026-03-09 01:47:00,Secluded area near Uppal,0
INC0130,17.435265707328224,78.46841588172892,2026-03-10 01:28:00,Under-lit road near Begumpet,3
INC0131,17.46000074170923,78.3674103530918,2026-03-10 02:58:00,background/unclustered,-1
INC0132,17.32388382845867,78.48715779740297,2026-03-10 15:49:00,background/unclustered,-1
INC0133,17.445765093156265,78.46175655139528,2026-03-10 17:00:00,Under-lit road near Begumpet,3
INC0134,17.44889933486536,78.39206362947228,2026-03-11 03:41:00,Isolated stretch near HITEC City outskirts,1
INC0135,17.49074621048097,78.36450326968901,2026-03-11 04:10:00,Poorly lit stretch near Miyapur,2
INC0136,17.399415353765356,78.5695667997864,2026-03-11 22:04:00,Secluded area near Uppal,-1
INC0137,17.407134047292352,78.5605126304929,2026-03-13 00:28:00,Secluded area near Uppal,0
INC0138,17.4053727318883,78.56319714632711,2026-03-13 18:02:00,Secluded area near Uppal,0
INC0139,17.49140911191375,78.36562963898473,2026-03-13 23:58:00,Poorly lit stretch near Miyapur,2
INC0140,17.41042517123686,78.5567924325219,2026-03-14 03:36:00,Secluded area near Uppal,0
INC0141,17.506140338153074,78.36371576040109,2026-03-14 07:25:00,Poorly lit stretch near Miyapur,-1
INC0142,17.35681740681579,78.32195877713053,2026-03-15 19:45:00,background/unclustered,-1
INC0143,17.406686264948878,78.55718937021294,2026-03-15 21:58:00,Secluded area near Uppal,0
INC0144,17.447254666303518,78.46911833158048,2026-03-15 23:08:00,Under-lit road near Begumpet,3
INC0145,17.355140281230582,78.4255199366003,2026-03-17 02:06:00,background/unclustered,-1
INC0146,17.49344884523806,78.36254919376024,2026-03-17 23:24:00,Poorly lit stretch near Miyapur,2
INC0147,17.405546109452374,78.55965403184956,2026-03-18 17:35:00,Secluded area near Uppal,0
INC0148,17.54429354605533,78.42207238821686,2026-03-18 22:08:00,background/unclustered,-1
INC0149,17.41074442210708,78.55752167072706,2026-03-19 19:00:00,Secluded area near Uppal,0
INC0150,17.413580658226557,78.55880196941388,2026-03-20 22:01:00,Secluded area near Uppal,0
INC0151,17.326232544604544,78.37261350475876,2026-03-21 23:31:00,background/unclustered,-1
INC0152,17.492466568879273,78.36690123951763,2026-03-22 00:19:00,Poorly lit stretch near Miyapur,2
INC0153,17.440797292911174,78.38603287144444,2026-03-22 05:10:00,Isolated stretch near HITEC City outskirts,-1
INC0154,17.49262294242578,78.36656283499666,2026-03-23 01:58:00,Poorly lit stretch near Miyapur,2
INC0155,17.49062260844345,78.36319501912396,2026-03-24 18:23:00,Poorly lit stretch near Miyapur,2
INC0156,17.408006242272506,78.56568779604154,2026-03-24 19:43:00,Secluded area near Uppal,0
INC0157,17.440020974798873,78.46768792237506,2026-03-24 21:36:00,Under-lit road near Begumpet,3
INC0158,17.438915838150848,78.46504762126837,2026-03-24 23:51:00,Under-lit road near Begumpet,3
INC0159,17.361807768600794,78.56122497038174,2026-03-25 14:55:00,background/unclustered,-1
INC0160,17.437746965554158,78.47765703116484,2026-03-26 13:36:00,Under-lit road near Begumpet,-1
INC0161,17.47617019068416,78.36055603563688,2026-03-26 20:49:00,background/unclustered,-1
INC0162,17.40565237950976,78.5589088364905,2026-03-27 06:38:00,Secluded area near Uppal,0
INC0163,17.323475178947355,78.50178063546754,2026-03-27 14:04:00,background/unclustered,-1
INC0164,17.40563635403445,78.56035189660727,2026-03-29 19:51:00,Secluded area near Uppal,0
INC0165,17.408895828703233,78.5453502648525,2026-03-30 01:53:00,background/unclustered,-1
INC0166,17.408573932611855,78.56323968370832,2026-03-30 18:03:00,Secluded area near Uppal,0
INC0167,17.375515125458698,78.51958742027568,2026-03-30 22:38:00,background/unclustered,-1
INC0168,17.44492084541458,78.46233510255121,2026-03-31 10:09:00,Under-lit road near Begumpet,3
INC0169,17.408962328027798,78.55584086348804,2026-03-31 18:00:00,Secluded area near Uppal,0
INC0170,17.40679498311055,78.55857861941605,2026-04-02 02:32:00,Secluded area near Uppal,0
INC0171,17.45215056516,78.39066123025265,2026-04-02 06:54:00,Isolated stretch near HITEC City outskirts,1
INC0172,17.4460762204089,78.39098906068614,2026-04-02 23:14:00,Isolated stretch near HITEC City outskirts,1
INC0173,17.447406148858697,78.39435600197636,2026-04-03 00:23:00,Isolated stretch near HITEC City outskirts,1
INC0174,17.3404181360367,78.30625834178745,2026-04-06 20:36:00,background/unclustered,-1
INC0175,17.43636778382572,78.46974413226988,2026-04-06 21:24:00,Under-lit road near Begumpet,3
INC0176,17.498128714642675,78.36128442139879,2026-04-06 22:19:00,Poorly lit stretch near Miyapur,2
INC0177,17.496664396272077,78.36428574619262,2026-04-08 20:30:00,Poorly lit stretch near Miyapur,2
INC0178,17.449205153077994,78.3948896057303,2026-04-09 00:24:00,Isolated stretch near HITEC City outskirts,1
INC0179,17.44220694804186,78.4646594881683,2026-04-09 22:48:00,Under-lit road near Begumpet,3
INC0180,17.439550687801237,78.46661612160187,2026-04-09 22:48:00,Under-lit road near Begumpet,3
INC0181,17.419819732144074,78.48472260658266,2026-04-10 06:45:00,background/unclustered,-1
INC0182,17.444632692624726,78.3910034112789,2026-04-10 15:52:00,Isolated stretch near HITEC City outskirts,1
INC0183,17.4399222314364,78.46376963337376,2026-04-11 16:32:00,Under-lit road near Begumpet,3
INC0184,17.496711692083405,78.35803702354,2026-04-11 19:13:00,Poorly lit stretch near Miyapur,2
INC0185,17.491548876258953,78.36781793002937,2026-04-11 19:18:00,Poorly lit stretch near Miyapur,2
INC0186,17.451550103289577,78.39692496011428,2026-04-11 23:00:00,Isolated stretch near HITEC City outskirts,1
INC0187,17.450286856612045,78.39094694279531,2026-04-13 21:20:00,Isolated stretch near HITEC City outskirts,1
INC0188,17.49661938167491,78.36276059091048,2026-04-14 17:42:00,Poorly lit stretch near Miyapur,2
INC0189,17.442934386008215,78.38501322151622,2026-04-14 22:02:00,Isolated stretch near HITEC City outskirts,-1
INC0190,17.40531918672529,78.56289046775065,2026-04-14 22:38:00,Secluded area near Uppal,0
INC0191,17.342439476271885,78.4559321845668,2026-04-15 07:29:00,background/unclustered,-1
INC0192,17.35391878809943,78.49766564106979,2026-04-15 11:04:00,background/unclustered,-1
INC0193,17.449368965657982,78.53514976602565,2026-04-16 16:40:00,background/unclustered,-1
INC0194,17.44188521206539,78.50683949074117,2026-04-16 22:33:00,background/unclustered,-1
INC0195,17.431883076579624,78.47534521388785,2026-04-16 23:29:00,Under-lit road near Begumpet,-1
INC0196,17.399285119004386,78.56508417724596,2026-04-17 15:45:00,Secluded area near Uppal,-1
INC0197,17.411480502186304,78.55582610313184,2026-04-18 15:42:00,Secluded area near Uppal,0
INC0198,17.489668190729294,78.36249847455926,2026-04-18 22:36:00,Poorly lit stretch near Miyapur,2
INC0199,17.399386122335,78.55692031106017,2026-04-18 23:21:00,Secluded area near Uppal,-1
INC0200,17.41055015977703,78.55705993440458,2026-04-19 01:35:00,Secluded area near Uppal,0
INC0201,17.443025719356967,78.39438154896814,2026-04-19 19:37:00,Isolated stretch near HITEC City outskirts,1
INC0202,17.496968201541392,78.36703781122979,2026-04-19 20:40:00,Poorly lit stretch near Miyapur,2
INC0203,17.406838930556752,78.55836425537836,2026-04-20 04:18:00,Secluded area near Uppal,0
INC0204,17.49656580883285,78.36606980505603,2026-04-20 19:44:00,Poorly lit stretch near Miyapur,2
INC0205,17.400485655016883,78.56367501617282,2026-04-21 01:14:00,Secluded area near Uppal,-1
INC0206,17.40751987450528,78.55459804381081,2026-04-21 17:24:00,Secluded area near Uppal,0
INC0207,17.410621323986188,78.56171453704535,2026-04-21 17:46:00,Secluded area near Uppal,0
INC0208,17.409589936817916,78.55968081624114,2026-04-23 00:53:00,Secluded area near Uppal,0
INC0209,17.442218771176897,78.47043269345897,2026-04-23 20:27:00,Under-lit road near Begumpet,3
INC0210,17.424293691002106,78.48535417206035,2026-04-23 22:39:00,background/unclustered,-1
INC0211,17.445266691517926,78.39332966259487,2026-04-23 23:58:00,Isolated stretch near HITEC City outskirts,1
INC0212,17.446338591099188,78.56048138415397,2026-04-24 02:19:00,background/unclustered,-1
INC0213,17.435047076595406,78.4642013946894,2026-04-24 17:57:00,Under-lit road near Begumpet,3
INC0214,17.407339256347182,78.56637207843184,2026-04-24 18:48:00,Secluded area near Uppal,0
INC0215,17.410287290760692,78.55897616699745,2026-04-24 22:16:00,Secluded area near Uppal,0
INC0216,17.451768917995906,78.39533365534484,2026-04-25 05:47:00,Isolated stretch near HITEC City outskirts,1
INC0217,17.431730231599843,78.46714351984195,2026-04-25 20:47:00,Under-lit road near Begumpet,3
INC0218,17.409427954466583,78.5554113387033,2026-04-25 21:30:00,Secluded area near Uppal,0
INC0219,17.465459797462344,78.467335025211,2026-04-26 21:29:00,background/unclustered,-1
INC0220,17.49625580909044,78.36876365486148,2026-04-26 22:10:00,Poorly lit stretch near Miyapur,2
INC0221,17.450192950498295,78.39120868434937,2026-04-26 23:32:00,Isolated stretch near HITEC City outskirts,1
INC0222,17.49089601467607,78.37452390986783,2026-04-27 05:14:00,Poorly lit stretch near Miyapur,-1
INC0223,17.435825130840822,78.4541987603426,2026-04-27 19:57:00,background/unclustered,-1
INC0224,17.434768342801323,78.45953760180169,2026-04-27 21:25:00,Under-lit road near Begumpet,-1
INC0225,17.542455261269637,78.43613686241508,2026-04-28 03:02:00,background/unclustered,-1
INC0226,17.440182431359705,78.46905671830459,2026-04-28 06:15:00,Under-lit road near Begumpet,3
INC0227,17.431300469989388,78.47562857010384,2026-04-28 19:10:00,Under-lit road near Begumpet,-1
INC0228,17.436688427684338,78.46628454225828,2026-04-28 20:33:00,Under-lit road near Begumpet,3
INC0229,17.49835181453696,78.35556853396422,2026-04-28 23:19:00,background/unclustered,2
INC0230,17.404309107917925,78.56329603690335,2026-04-29 03:01:00,Secluded area near Uppal,0
INC0231,17.412495149640776,78.54927301177254,2026-04-29 03:24:00,Secluded area near Uppal,-1
INC0232,17.451196333006102,78.39047694145216,2026-05-01 04:26:00,Isolated stretch near HITEC City outskirts,1
INC0233,17.488709454985212,78.35114338145218,2026-05-01 12:29:00,background/unclustered,-1
INC0234,17.489381628056094,78.36630745462124,2026-05-02 18:24:00,Poorly lit stretch near Miyapur,2
INC0235,17.439556272257484,78.47140523650593,2026-05-02 19:07:00,Under-lit road near Begumpet,3
INC0236,17.402158966904217,78.55462821937454,2026-05-03 11:50:00,Secluded area near Uppal,0
INC0237,17.341870645564768,78.33137035210032,2026-05-03 20:02:00,background/unclustered,-1
INC0238,17.398591330954588,78.46482427152912,2026-05-03 21:43:00,background/unclustered,-1
INC0239,17.44523796253677,78.39318925504665,2026-05-04 01:49:00,Isolated stretch near HITEC City outskirts,1
INC0240,17.44468974312957,78.46962560004384,2026-05-04 20:34:00,Under-lit road near Begumpet,3
INC0241,17.495623909940015,78.36334968534291,2026-05-04 23:10:00,Poorly lit stretch near Miyapur,2
INC0242,17.34928853164322,78.44375496883308,2026-05-05 02:13:00,background/unclustered,-1
INC0243,17.49843596259513,78.49398177402685,2026-05-05 02:56:00,background/unclustered,-1
INC0244,17.448280572221396,78.38996670677493,2026-05-08 02:55:00,Isolated stretch near HITEC City outskirts,1
INC0245,17.444912825127727,78.38544061110125,2026-05-08 22:02:00,Isolated stretch near HITEC City outskirts,1
INC0246,17.443890531467595,78.47367789935483,2026-05-08 23:01:00,Under-lit road near Begumpet,3
INC0247,17.445418808028563,78.39042026492369,2026-05-08 23:39:00,Isolated stretch near HITEC City outskirts,1
INC0248,17.448042487796794,78.39287960934017,2026-05-09 00:31:00,Isolated stretch near HITEC City outskirts,1
INC0249,17.40770453208897,78.55409554569447,2026-05-09 13:01:00,Secluded area near Uppal,0
INC0250,17.4437091201087,78.39705841131259,2026-05-10 03:41:00,Isolated stretch near HITEC City outskirts,1
INC0251,17.44933020156289,78.39120221633694,2026-05-10 23:38:00,Isolated stretch near HITEC City outskirts,1
INC0252,17.463752334708026,78.5976399949022,2026-05-11 04:11:00,background/unclustered,-1
INC0253,17.495265378016523,78.35935343393054,2026-05-11 18:06:00,Poorly lit stretch near Miyapur,2
INC0254,17.493300107152546,78.36784889448613,2026-05-11 23:57:00,Poorly lit stretch near Miyapur,2
INC0255,17.45306449647029,78.4453195342722,2026-05-12 20:15:00,background/unclustered,-1
INC0256,17.37217139888266,78.33273288952972,2026-05-12 20:37:00,background/unclustered,-1
INC0257,17.43873052485892,78.46933376518625,2026-05-12 23:44:00,Under-lit road near Begumpet,3
INC0258,17.436738003706846,78.46526389802706,2026-05-13 01:00:00,Under-lit road near Begumpet,3
INC0259,17.43792835097678,78.4710713014572,2026-05-13 22:43:00,Under-lit road near Begumpet,3
INC0260,17.409808985956122,78.54981705050409,2026-05-15 23:01:00,Secluded area near Uppal,0
INC0261,17.44456494863635,78.3946368327506,2026-05-17 03:26:00,Isolated stretch near HITEC City outskirts,1
INC0262,17.40942540627715,78.55344790261863,2026-05-17 12:29:00,Secluded area near Uppal,0
INC0263,17.537850835551666,78.4804835460439,2026-05-17 22:21:00,background/unclustered,-1
INC0264,17.46287986670057,78.39777763918562,2026-05-19 19:07:00,background/unclustered,-1
INC0265,17.442005707028105,78.47174255431528,2026-05-21 02:28:00,Under-lit road near Begumpet,3
INC0266,17.409651804122387,78.51744796796221,2026-05-21 19:11:00,background/unclustered,-1
INC0267,17.440048586036294,78.4712237363359,2026-05-21 22:21:00,Under-lit road near Begumpet,3
INC0268,17.44036029034793,78.4678309217432,2026-05-21 22:45:00,Under-lit road near Begumpet,3
INC0269,17.495448032872527,78.35920025979924,2026-05-21 23:34:00,Poorly lit stretch near Miyapur,2
INC0270,17.407338608020623,78.56011102203016,2026-05-22 11:36:00,Secluded area near Uppal,0
INC0271,17.453911177243743,78.38589259574883,2026-05-24 20:10:00,Isolated stretch near HITEC City outskirts,1
INC0272,17.43887738049864,78.46508409632202,2026-05-24 23:04:00,Under-lit road near Begumpet,3
INC0273,17.494698558047645,78.36088085233335,2026-05-26 04:03:00,Poorly lit stretch near Miyapur,2
INC0274,17.442788242784708,78.39008753339196,2026-05-26 19:28:00,Isolated stretch near HITEC City outskirts,1
INC0275,17.49038272308794,78.36117627984022,2026-05-26 21:25:00,Poorly lit stretch near Miyapur,2
INC0276,17.455126419814714,78.39499435766254,2026-05-27 00:02:00,Isolated stretch near HITEC City outskirts,1
INC0277,17.439043100808522,78.47091589884427,2026-05-27 00:40:00,Under-lit road near Begumpet,3
INC0278,17.498627565958504,78.37148682930294,2026-05-27 04:05:00,Poorly lit stretch near Miyapur,2
INC0279,17.408053739612896,78.56660718325023,2026-05-28 03:04:00,Secluded area near Uppal,0
INC0280,17.343548334144565,78.58823416544608,2026-05-28 12:23:00,background/unclustered,-1
INC0281,17.43954184061899,78.4724512652479,2026-05-29 12:00:00,Under-lit road near Begumpet,3
INC0282,17.38209530697127,78.48906262449874,2026-05-29 19:14:00,background/unclustered,-1
INC0283,17.342003551936216,78.52106212348325,2026-05-29 22:54:00,background/unclustered,-1
INC0284,17.498064007490413,78.36463174474089,2026-05-30 11:23:00,Poorly lit stretch near Miyapur,2
INC0285,17.448060730945354,78.39534469506566,2026-05-31 18:03:00,Isolated stretch near HITEC City outskirts,1
INC0286,17.494658617536174,78.36456273928798,2026-05-31 19:16:00,Poorly lit stretch near Miyapur,2
INC0287,17.432849313552275,78.46261771958288,2026-05-31 21:23:00,Under-lit road near Begumpet,3
INC0288,17.4426385170318,78.38981741870893,2026-06-01 01:43:00,Isolated stretch near HITEC City outskirts,1
INC0289,17.45719120455149,78.52060508959973,2026-06-01 21:59:00,background/unclustered,-1
INC0290,17.452159242329312,78.38724067538854,2026-06-01 22:19:00,Isolated stretch near HITEC City outskirts,1
INC0291,17.441092448123975,78.39337086830999,2026-06-02 12:49:00,Isolated stretch near HITEC City outskirts,1
INC0292,17.44205777171025,78.39950139235641,2026-06-02 20:50:00,Isolated stretch near HITEC City outskirts,-1
INC0293,17.459490198328993,78.37706515429372,2026-06-02 20:56:00,background/unclustered,-1
INC0294,17.433939235751208,78.47296749706977,2026-06-03 15:44:00,Under-lit road near Begumpet,3
INC0295,17.45019277299784,78.39413676239371,2026-06-03 18:23:00,Isolated stretch near HITEC City outskirts,1
INC0296,17.449484481108257,78.39254422108871,2026-06-04 00:07:00,Isolated stretch near HITEC City outskirts,1
INC0297,17.491224414937033,78.36112994259656,2026-06-04 23:35:00,Poorly lit stretch near Miyapur,2
INC0298,17.41055530458045,78.55630713588674,2026-06-05 04:25:00,Secluded area near Uppal,0
INC0299,17.454337939353245,78.45692541737453,2026-06-05 20:28:00,background/unclustered,-1
INC0300,17.412766869292753,78.55902830570575,2026-06-06 01:07:00,Secluded area near Uppal,0
INC0301,17.405320500258828,78.55518494513687,2026-06-06 22:04:00,Secluded area near Uppal,0
INC0302,17.432349173931744,78.46894990583522,2026-06-06 22:27:00,Under-lit road near Begumpet,3
INC0303,17.408931127464427,78.56818277143122,2026-06-06 23:35:00,Secluded area near Uppal,0
INC0304,17.449870319001608,78.38778326133227,2026-06-07 00:23:00,Isolated stretch near HITEC City outskirts,1
INC0305,17.5353093760581,78.3217248816439,2026-06-07 18:40:00,background/unclustered,-1
INC0306,17.498481936724563,78.37275301889322,2026-06-07 21:05:00,Poorly lit stretch near Miyapur,2
INC0307,17.363826631182107,78.49848970511134,2026-06-07 23:42:00,background/unclustered,-1
INC0308,17.501326533528733,78.3532500380326,2026-06-08 20:13:00,Poorly lit stretch near Miyapur,-1
INC0309,17.451790820391963,78.40064890393182,2026-06-09 02:12:00,Isolated stretch near HITEC City outskirts,1
INC0310,17.4205890953879,78.36310487397566,2026-06-09 07:39:00,background/unclustered,-1
INC0311,17.446001163169544,78.38981400711863,2026-06-09 16:31:00,Isolated stretch near HITEC City outskirts,1
INC0312,17.32392863888004,78.3070915758139,2026-06-09 20:27:00,background/unclustered,-1
INC0313,17.42976494772707,78.32028376907766,2026-06-09 22:26:00,background/unclustered,-1
INC0314,17.408772405031876,78.55786181424274,2026-06-10 00:06:00,Secluded area near Uppal,0
INC0315,17.447728036261168,78.38376171921799,2026-06-10 14:40:00,Isolated stretch near HITEC City outskirts,1
INC0316,17.4966016843012,78.36965436448577,2026-06-10 20:12:00,Poorly lit stretch near Miyapur,2
INC0317,17.408519216711664,78.56486627448263,2026-06-12 16:54:00,Secluded area near Uppal,0
INC0318,17.50590679285144,78.36597848315749,2026-06-12 18:58:00,Poorly lit stretch near Miyapur,-1
INC0319,17.368540166639953,78.32382581069669,2026-06-13 00:32:00,background/unclustered,-1
INC0320,17.364533358175283,78.49702099936238,2026-06-13 06:39:00,background/unclustered,-1
INC0321,17.443598399501735,78.46872919808351,2026-06-13 21:20:00,Under-lit road near Begumpet,3
INC0322,17.45198266686285,78.39059311017779,2026-06-13 22:48:00,Isolated stretch near HITEC City outskirts,1
INC0323,17.408527667568876,78.56188540450661,2026-06-14 22:34:00,Secluded area near Uppal,0
INC0324,17.308300777197843,78.3235735491465,2026-06-15 11:01:00,background/unclustered,-1
INC0325,17.445306015549747,78.46368243948571,2026-06-16 16:43:00,Under-lit road near Begumpet,3
INC0326,17.49438682846585,78.36628711741666,2026-06-18 01:47:00,Poorly lit stretch near Miyapur,2
INC0327,17.496968201063474,78.36765852318248,2026-06-19 03:54:00,Poorly lit stretch near Miyapur,2
INC0328,17.437849803949224,78.39530147872958,2026-06-19 05:58:00,Isolated stretch near HITEC City outskirts,-1
INC0329,17.30434494754637,78.39693919712109,2026-06-20 23:38:00,background/unclustered,-1
INC0330,17.381083438278843,78.39990057391745,2026-06-21 20:22:00,background/unclustered,-1
INC0331,17.45943575218596,78.39137525280732,2026-06-21 21:16:00,Isolated stretch near HITEC City outskirts,-1
INC0332,17.445368195459825,78.39228138589019,2026-06-22 00:35:00,Isolated stretch near HITEC City outskirts,1
INC0333,17.44343063849281,78.46686024588014,2026-06-22 01:02:00,Under-lit road near Begumpet,3
INC0334,17.438747905167137,78.46110350610985,2026-06-22 01:50:00,Under-lit road near Begumpet,3
INC0335,17.40413134732826,78.56361555497219,2026-06-22 16:48:00,Secluded area near Uppal,0
INC0336,17.491247117839638,78.3743562317972,2026-06-23 18:59:00,Poorly lit stretch near Miyapur,-1
INC0337,17.34176047697524,78.3502857648865,2026-06-24 00:36:00,background/unclustered,-1
INC0338,17.45141677053806,78.38709560897459,2026-06-24 19:07:00,Isolated stretch near HITEC City outskirts,1
INC0339,17.45183135064204,78.38970278245561,2026-06-25 01:53:00,Isolated stretch near HITEC City outskirts,1
INC0340,17.49483473068591,78.36144186028143,2026-06-26 18:00:00,Poorly lit stretch near Miyapur,2
INC0341,17.497774253973486,78.36613275910996,2026-06-26 20:22:00,Poorly lit stretch near Miyapur,2
INC0342,17.43314746188364,78.47291548949666,2026-06-26 23:26:00,Under-lit road near Begumpet,3
INC0343,17.406713635690025,78.55316119371393,2026-06-26 23:40:00,Secluded area near Uppal,0
INC0344,17.45329576279656,78.39176259663243,2026-06-27 20:56:00,Isolated stretch near HITEC City outskirts,1
INC0345,17.408708288508723,78.55828781845582,2026-06-27 22:43:00,Secluded area near Uppal,0
INC0346,17.41205985476599,78.55960018412466,2026-06-27 23:31:00,Secluded area near Uppal,0
INC0347,17.489264816902807,78.58579459141161,2026-06-28 23:10:00,background/unclustered,-1
INC0348,17.447654857153335,78.39311620342725,2026-06-29 17:40:00,Isolated stretch near HITEC City outskirts,1
INC0349,17.446529645215726,78.46177943448816,2026-06-29 20:33:00,Under-lit road near Begumpet,3
